folder,psnr,ssim,lpips
03_04_2024_S_L_ApplesLong_F_1,13.71226,0.40213,0.73862
03_04_2024_S_L_Apples_F_2,13.28191,0.38288,0.71398
03_04_2024_S_L_Bananas2_F_2,14.47765,0.43468,0.74557
03_04_2024_S_L_Bananas_F_2,13.19858,0.41935,0.78255
03_04_2024_S_L_ChipsSalsa2_P_1,7.37757,0.00805,0.88138
03_04_2024_S_L_ChipsSalsa_P_1,17.52791,0.65092,0.40888
03_04_2024_S_L_EnergyDrinks_P_1,6.87217,0.00956,1.02189
03_04_2024_S_L_Flowers_F_1,13.38079,0.34485,0.6738
03_04_2024_S_L_FruitsLong2_F_1,6.50141,0.04769,1.08646
03_04_2024_S_L_FruitsLong3_F_1,15.27662,0.39375,0.68203
03_04_2024_S_L_FruitsLong_F_1,11.92298,0.30112,0.79573
03_04_2024_S_L_Gatorade_P_2,14.24179,0.38522,0.75713
03_04_2024_S_L_Greens1_V_1,8.44314,0.0044,0.90581
03_04_2024_S_L_Greens2_V_1,14.36409,0.36436,0.67924
03_04_2024_S_L_Greens_V_2,14.87557,0.40168,0.70025
03_04_2024_S_L_Juices_P_2,13.28503,0.39763,0.80397
03_04_2024_S_L_Nuts_P_2,14.9798,0.3642,0.75452
03_04_2024_S_L_Onions1_V_1,13.81984,0.38785,0.71628
03_04_2024_S_L_Onions_V_2,13.60779,0.40165,0.69764
03_04_2024_S_L_Oranges_F_2,14.96438,0.51656,0.7114
03_04_2024_S_L_Peppers1_V_1,17.32274,0.61292,0.44947
03_04_2024_S_L_Peppers_V_2,7.60364,0.00824,1.01735
03_04_2024_S_L_SparklingWater_P_1,6.27937,0.00396,1.04378
03_04_2024_S_L_Tomatoes_F_2,14.65271,0.42183,0.72963
03_04_2024_S_L_VeggiePackages_V_1,16.0125,0.54265,0.50062
03_07_2024_S_L_Apples1_F_1,15.8404,0.50361,0.60672
03_07_2024_S_L_Apples2_F_2,16.67337,0.54003,0.60434
03_07_2024_S_L_Apples3_F_2,6.53396,0.01301,1.05821
03_07_2024_S_L_Apples_F_2,13.08395,0.42387,0.7272
03_07_2024_S_L_ChipsSalsa1_P_1,7.36098,0.00824,0.90333
03_07_2024_S_L_Croutons_P_2,6.65882,0.00755,1.03947
03_07_2024_S_L_Exotic_F_2,13.0152,0.38398,0.72035
03_07_2024_S_L_GrapeFruits1_F_1,6.32894,0.11752,1.08936
03_07_2024_S_L_Nuts1_P_1,12.00931,0.31617,0.72479
03_07_2024_S_L_Onions1_V_1,13.81477,0.44228,0.72855
03_07_2024_S_L_Onions_V_2,15.36465,0.53245,0.64108
03_07_2024_S_L_OrangesLong1_F_1,12.7083,0.41126,0.78275
03_07_2024_S_L_Oranges_F_2,6.52177,0.06149,1.09449
03_07_2024_S_L_Organic1_F_1,16.62246,0.46946,0.62816
03_07_2024_S_L_Potatoes1_V_1,14.95191,0.32586,0.74486
03_07_2024_S_L_TomatoAvocado1_F_1,15.34254,0.39496,0.62323
03_07_2024_S_L_Various_V_2,12.62103,0.33613,0.68832
03_13_2024_S_Co_Apples_F_2,14.10444,0.42607,0.66795
03_13_2024_S_Co_Cabbages_V_2,15.59246,0.50698,0.59283
03_13_2024_S_Co_Tomatoes_V_2,13.52834,0.39311,0.71764
03_21_2024_W_L_Apples1_F_1,14.70268,0.43878,0.66288
03_21_2024_W_L_Apples2_F_2,12.63815,0.3274,0.66748
03_21_2024_W_L_Apples3_F_2,6.11143,0.02356,1.05761
03_21_2024_W_L_Apples_F_2,12.3477,0.38075,0.66818
03_21_2024_W_L_BBQ1_P_1,10.53949,0.28928,0.72607
03_21_2024_W_L_Bagels1_P_1,5.80329,0.00662,1.05436
03_21_2024_W_L_Candy1_P_1,13.46492,0.46383,0.6934
03_21_2024_W_L_Candy2_P_1,11.32339,0.42862,0.78405
03_21_2024_W_L_Candy2_P_2,12.60949,0.35308,0.64376
03_21_2024_W_L_Candy_P_2,12.01439,0.35513,0.7093
03_21_2024_W_L_Cans_P_2,6.051,0.01385,1.04443
03_21_2024_W_L_Cantaloupes_F_2,14.45146,0.35488,0.64935
03_21_2024_W_L_Cereal1_P_1,12.97526,0.38054,0.6812
03_21_2024_W_L_Cheese1_P_1,6.18501,0.01269,1.04161
03_21_2024_W_L_Chips1_P_1,12.51998,0.35069,0.71455
03_21_2024_W_L_Chips_P_2,11.31576,0.26485,0.71071
03_21_2024_W_L_Coconuts1_F_1,5.76254,0.0183,1.00617
03_21_2024_W_L_Coffee1_P_1,13.09388,0.39825,0.72129
03_21_2024_W_L_Coffee2_P_2,10.48222,0.42304,0.81447
03_21_2024_W_L_Coffee_P_2,10.1891,0.35661,0.74488
03_21_2024_W_L_Cookies1_P_1,12.67161,0.3697,0.70582
03_21_2024_W_L_Cucumbers_F_2,10.78473,0.30377,0.72156
03_21_2024_W_L_Drinks_P_2,11.43823,0.34359,0.73986
03_21_2024_W_L_EnergyDrinks1_P_1,13.65281,0.44532,0.71891
03_21_2024_W_L_Gourds1_F_1,14.76933,0.57785,0.64596
03_21_2024_W_L_Honey1_P_1,10.08421,0.34804,0.82276
03_21_2024_W_L_Jam1_P_1,6.08979,0.02076,1.02831
03_21_2024_W_L_Melons1_F_1,16.91145,0.55746,0.59279
03_21_2024_W_L_Nectarines1_F_1,14.50122,0.42112,0.70497
03_21_2024_W_L_Nectarines2_F_1,15.2144,0.34483,0.5856
03_21_2024_W_L_Nuts1_P_1,12.14054,0.38504,0.71194
03_21_2024_W_L_Oil1_P_1,6.11631,0.0297,1.02432
03_21_2024_W_L_Onions_V_2,13.4203,0.47036,0.65465
03_21_2024_W_L_PastaSauce1_P_1,12.25834,0.37041,0.761
03_21_2024_W_L_Pastasauce_P_2,11.68481,0.31063,0.72691
03_21_2024_W_L_Pears1_F_1,6.77451,0.03941,1.06799
03_21_2024_W_L_Pears_F_2,16.37274,0.51872,0.56909
03_21_2024_W_L_Peas1_P_1,11.78592,0.38292,0.73799
03_21_2024_W_L_Peppers_F_2,12.30615,0.32679,0.63683
03_21_2024_W_L_Pickles1_P_1,11.53616,0.33135,0.69708
03_21_2024_W_L_Pineapples1_F_1,6.33155,0.00472,1.03741
03_21_2024_W_L_Plantains1_F_1,14.74364,0.53236,0.66583
03_21_2024_W_L_Potatoes_V_2,5.67275,0.01832,1.03292
03_21_2024_W_L_Radish_V_2,13.04537,0.36603,0.66479
03_21_2024_W_L_Ranch1_P_1,12.86836,0.41057,0.8706
03_21_2024_W_L_Ranch_P_2,10.99592,0.31705,0.7352
03_21_2024_W_L_Spices1_P_1,12.05796,0.32133,0.68684
03_21_2024_W_L_Syrup1_P_1,11.53199,0.32884,0.69208
03_21_2024_W_L_Syrup_P_2,9.44828,0.28294,0.79183
03_21_2024_W_L_Tomatoes_F_2,14.16095,0.44359,0.61553
04_04_2024_NG_C_Bananas1_F_1,13.81715,0.49536,0.66187
04_04_2024_NG_C_Broth_P_2,6.20155,0.01149,1.0447
04_04_2024_NG_C_Chips_P_2,5.72497,0.01586,1.05588
04_04_2024_NG_C_Fruits1_F_1,11.56549,0.34898,0.77681
04_04_2024_NG_C_Gourds1_V_1,14.5068,0.47226,0.61456
04_04_2024_NG_C_Oats_P_3,9.68157,0.27205,0.82527
04_04_2024_NG_C_Onions1_V_1,13.103,0.50158,0.69868
04_04_2024_NG_C_PeanutButter_P_2,10.3335,0.36508,0.83381
04_04_2024_S_C_Apples1_F_1,12.52462,0.45543,0.70474
04_04_2024_S_C_Apples2_F_1,16.04581,0.59642,0.54406
04_04_2024_S_C_ApplesLong1_F_1,13.19507,0.48838,0.74991
04_04_2024_S_C_Apples_P_3,10.79959,0.29269,0.75946
04_04_2024_S_C_Bananas_F_2,11.38532,0.4191,0.73118
04_04_2024_S_C_Broccoli1_V_1,13.15057,0.27676,0.71467
04_04_2024_S_C_Cantaloupe_F_2,13.56126,0.52489,0.66827
04_04_2024_S_C_Celery1_V_1,11.22811,0.28425,0.76397
04_04_2024_S_C_Chips1_P_1,5.91361,0.01193,1.04346
04_04_2024_S_C_Chips2_P_1,5.97817,0.01032,1.05443
04_04_2024_S_C_Chips2_P_2,11.82071,0.31521,0.77743
04_04_2024_S_C_Chips3_P_1,5.92572,0.01398,1.04629
04_04_2024_S_C_Chips3_P_2,6.30094,0.02701,1.06767
04_04_2024_S_C_Chips4_P_1,11.83111,0.36013,0.99658
04_04_2024_S_C_Chips_P_2,10.20298,0.26023,0.78738
04_04_2024_S_C_Coffee2_P_3,9.99234,0.27451,0.83507
04_04_2024_S_C_Coffee_P_3,9.68271,0.30336,0.82931
04_04_2024_S_C_Exotic_F_2,12.38392,0.48012,0.77026
04_04_2024_S_C_Gourds1_V_1,12.17905,0.48922,0.71691
04_04_2024_S_C_Greens_V_2,14.69389,0.39535,0.69947
04_04_2024_S_C_Ketchup_P_2,12.45205,0.44144,0.70868
04_04_2024_S_C_Lemons1_F_1,6.34782,0.05849,1.04252
04_04_2024_S_C_Mayo_P_2,11.47139,0.457,0.8376
04_04_2024_S_C_Oil_P_3,9.01082,0.26785,0.82811
04_04_2024_S_C_Oranges1_F_1,16.07636,0.63109,0.58639
04_04_2024_S_C_OrangesLong1_F_1,13.18639,0.54743,0.7799
04_04_2024_S_C_OrangesLong2_F_1,11.45712,0.43237,0.77927
04_04_2024_S_C_PeanutButter_P_3,10.11241,0.33352,0.82612
04_04_2024_S_C_Pears1_F_1,14.45828,0.60633,0.62403
04_04_2024_S_C_Peppers1_F_1,13.51949,0.45972,0.6446
04_04_2024_S_C_Peppers2_F_1,10.92578,0.34394,0.771
04_04_2024_S_C_Pickles_P_2,6.30647,0.01706,1.01005
04_04_2024_S_C_Potatoes_V_2,4.98746,0.01066,1.02116
04_04_2024_S_C_Ranch_P_2,12.21056,0.36547,0.73637
04_04_2024_S_C_Salsa_P_3,8.69431,0.26747,0.84782
04_04_2024_S_C_Sauce_P_3,9.12124,0.24284,0.82235
04_04_2024_S_C_Sauces_P_2,10.61149,0.31491,0.80567
04_04_2024_S_C_Various2_V_2,12.45416,0.39313,0.7054
04_04_2024_S_C_Various_F_2,13.16003,0.47302,0.83143
04_04_2024_S_C_Various_V_2,11.90629,0.37622,0.74245
04_04_2024_W2_C_Alfredo_P_3,6.01167,0.0122,1.0452
04_04_2024_W2_C_AppleJuice_P_3,9.80322,0.29158,0.82917
04_04_2024_W2_C_Apples1_F_1,12.79431,0.39428,0.66233
04_04_2024_W2_C_Apples2_F_1,12.66451,0.36618,0.69948
04_04_2024_W2_C_Apples3_F_1,12.57119,0.31276,0.65599
04_04_2024_W2_C_Apples5_F_1,13.36316,0.43753,0.77595
04_04_2024_W2_C_ApplesLong1_F_1,11.35344,0.39249,0.73915
04_04_2024_W2_C_ApplesLong2_F_1,11.20418,0.29956,0.68454
04_04_2024_W2_C_AvacadosLong1_F_1,10.37059,0.27493,0.78651
04_04_2024_W2_C_Bananas2_F_1,13.29277,0.48114,0.7109
04_04_2024_W2_C_BananasLong1_F_1,12.4891,0.44075,0.74231
04_04_2024_W2_C_Beans_P_3,9.74884,0.30124,0.85007
04_04_2024_W2_C_Bread2_P_2,6.3625,0.02091,1.02657
04_04_2024_W2_C_Bread3_P_2,6.39117,0.01511,1.02325
04_04_2024_W2_C_Bread_P_2,11.38197,0.37228,0.76058
04_04_2024_W2_C_Candy2_P_3,9.99876,0.29676,0.8538
04_04_2024_W2_C_Candy_P_3,10.63496,0.35691,0.82931
04_04_2024_W2_C_Cans_P_2,13.31459,0.47515,0.74159
04_04_2024_W2_C_Chips2_P_3,11.33698,0.24546,0.69453
04_04_2024_W2_C_Chips3_P_3,10.95606,0.3027,0.78461
04_04_2024_W2_C_Chips4_P_3,6.76154,0.00984,1.06689
04_04_2024_W2_C_Chips5_P_3,10.21944,0.31618,0.82376
04_04_2024_W2_C_Chips6_P_3,10.29152,0.23371,0.79838
04_04_2024_W2_C_Chips_P_3,6.56144,0.01242,1.03532
04_04_2024_W2_C_Coffee_P_3,11.32425,0.4248,0.79727
04_04_2024_W2_C_Cucumbers1_V_1,12.15835,0.328,0.72975
04_04_2024_W2_C_Cucumbers2_V_1,12.79668,0.37368,0.67933
04_04_2024_W2_C_Flour_P_3,9.78069,0.33154,0.84778
04_04_2024_W2_C_FruitsLong1_F_1,10.9305,0.23956,0.71864
04_04_2024_W2_C_Gourds1_V_1,14.53581,0.57371,0.61685
04_04_2024_W2_C_Grapefruits1_F_1,13.44554,0.4384,0.72975
04_04_2024_W2_C_Juice_P_2,13.13098,0.24047,0.60283
04_04_2024_W2_C_Juice_P_3,6.72423,0.00943,0.91418
04_04_2024_W2_C_Ketchup_P_3,6.42999,0.02229,1.04509
04_04_2024_W2_C_Lemons1_F_1,14.57344,0.42965,0.65922
04_04_2024_W2_C_Mangoes1_F_1,6.27364,0.04267,1.08294
04_04_2024_W2_C_Mayo_P_2,12.65899,0.44603,0.81527
04_04_2024_W2_C_Melons1_F_1,13.85964,0.42644,0.62741
04_04_2024_W2_C_Oil2_P_3,6.22657,0.00752,1.03763
04_04_2024_W2_C_Oil_P_3,6.23603,0.0065,1.01438
04_04_2024_W2_C_Onions1_V_1,14.71224,0.46411,0.68159
04_04_2024_W2_C_Oranges1_F_1,15.15894,0.51786,0.6762
04_04_2024_W2_C_PastaSauce_P_2,6.43521,0.03546,1.03662
04_04_2024_W2_C_PeanutButter_P_3,10.20657,0.32582,0.79005
04_04_2024_W2_C_Peppers1_F_1,11.88081,0.36475,0.6738
04_04_2024_W2_C_Pickles_P_3,9.57006,0.27601,0.82634
04_04_2024_W2_C_Pineapples1_F_1,12.40739,0.16692,0.58976
04_04_2024_W2_C_Plantains1_F_1,16.4904,0.55384,0.60292
04_04_2024_W2_C_Potatoes1_V_1,15.60451,0.47552,0.65451
04_04_2024_W2_C_Potatoes2_V_1,5.67081,0.01283,1.01615
04_04_2024_W2_C_PotatoesLong1_V_1,12.90393,0.44669,0.72007
04_04_2024_W2_C_PotatoesLong2_V_1,12.46668,0.45728,0.79666
04_04_2024_W2_C_Ranch_P_2,11.14066,0.35303,0.77114
04_04_2024_W2_C_RedOnions1_V_1,13.78345,0.37705,0.56877
04_04_2024_W2_C_Sauce_P_2,12.53507,0.39461,0.77272
04_04_2024_W2_C_SourCream_P_3,9.05281,0.28577,0.86945
04_04_2024_W2_C_Spices_P_2,10.20691,0.35187,0.84131
04_04_2024_W2_C_Tea_P_3,7.31915,0.04211,1.00198
04_04_2024_W2_C_Tomatoes1_F_1,13.82475,0.43869,0.69333
04_04_2024_W2_C_Tomatoes2_F_1,12.24562,0.36969,0.69173
04_04_2024_W_C_Apples1_F_1,6.32221,0.0129,1.07244
04_04_2024_W_C_Apples2_F_1,14.39039,0.45711,0.63371
04_04_2024_W_C_Apples3_F_1,14.11621,0.43154,0.6447
04_04_2024_W_C_Apples4_F_1,11.62399,0.32978,0.73566
04_04_2024_W_C_Avocados1_F_1,11.58868,0.29655,0.71198
04_04_2024_W_C_Beans_P_3,5.26962,0.00631,0.98165
04_04_2024_W_C_Boxes_P_2,5.62813,0.01179,1.04634
04_04_2024_W_C_Bread2_P_2,13.84856,0.46291,0.80331
04_04_2024_W_C_Cabbage1_V_1,6.39189,0.00924,1.01897
04_04_2024_W_C_CakeBatter_P_2,12.11104,0.36773,0.7321
04_04_2024_W_C_CannedPeas_P_3,10.33531,0.27704,0.80369
04_04_2024_W_C_Cans_P_3,5.96815,0.02691,1.05344
04_04_2024_W_C_Chips_P_2,13.42553,0.32545,0.63646
04_04_2024_W_C_Chips_P_3,11.00455,0.28085,0.79269
04_04_2024_W_C_Coffee2_P_2,5.6832,0.01005,1.05872
04_04_2024_W_C_Coffee3_P_2,14.66275,0.51294,0.66964
04_04_2024_W_C_Coffee4_P_2,6.21322,0.01505,1.01487
04_04_2024_W_C_Coffee_P_2,6.13529,0.01786,1.04584
04_04_2024_W_C_Corn1_F_1,11.55689,0.33175,0.68224
04_04_2024_W_C_Cucumbers1_V_1,11.16899,0.29749,0.72904
04_04_2024_W_C_DriedFruits_P_2,6.05539,0.00697,1.01752
04_04_2024_W_C_Drinks_P_2,11.33987,0.35432,0.77154
04_04_2024_W_C_Flour_P_2,5.67776,0.00874,1.02613
04_04_2024_W_C_FruitsLong1_F_1,11.74763,0.36066,0.72212
04_04_2024_W_C_Garlic1_V_1,16.00017,0.47736,0.50335
04_04_2024_W_C_GranolaBars2_P_2,10.50838,0.32686,0.81795
04_04_2024_W_C_GranolaBars3_P_2,12.20051,0.33874,0.73699
04_04_2024_W_C_GranolaBars_P_2,5.72265,0.01079,1.03732
04_04_2024_W_C_Greens1_V_1,10.80348,0.26644,0.72467
04_04_2024_W_C_Greens2_V_1,11.67716,0.2476,0.71737
04_04_2024_W_C_Greens3_V_1,12.82341,0.31414,0.63053
04_04_2024_W_C_Ketchup_P_3,9.24939,0.26298,0.8252
04_04_2024_W_C_Lemons1_F_1,13.86887,0.48785,0.70595
04_04_2024_W_C_Limes1_F_1,13.12851,0.35161,0.67153
04_04_2024_W_C_Mangoes1_F_1,12.35887,0.45369,0.69836
04_04_2024_W_C_Mangoes2_F_1,17.31211,0.55594,0.53378
04_04_2024_W_C_Mayo_P_3,9.89399,0.30076,0.82396
04_04_2024_W_C_Melons1_F_1,12.51648,0.44587,0.67167
04_04_2024_W_C_Melons2_F_1,14.55574,0.41555,0.61172
04_04_2024_W_C_Oil_P_3,6.45879,0.01179,1.02812
04_04_2024_W_C_Oils2_P_3,9.83227,0.283,0.80429
04_04_2024_W_C_Onions1_V_1,14.95947,0.5116,0.66505
04_04_2024_W_C_Onions2_V_1,14.60049,0.49404,0.66148
04_04_2024_W_C_Oranges1_F_1,14.054,0.51662,0.67881
04_04_2024_W_C_PastaSauce2_P_2,6.37282,0.0061,1.03511
04_04_2024_W_C_PastaSauce3_P_2,14.4521,0.54701,0.62155
04_04_2024_W_C_PastaSauce4_P_2,6.40357,0.00693,1.03246
04_04_2024_W_C_PastaSauce_P_2,5.52316,0.01366,1.01074
04_04_2024_W_C_Peppers1_F_1,13.22667,0.38923,0.6659
04_04_2024_W_C_Peppers2_F_1,4.69158,0.00443,0.93255
04_04_2024_W_C_Pickles_P_3,9.72647,0.30495,0.84715
04_04_2024_W_C_Pineapples1_F_1,12.71279,0.26169,0.6818
04_04_2024_W_C_Ranch_P_3,9.5922,0.28081,0.81042
04_04_2024_W_C_RedOnions1_V_1,14.63156,0.4304,0.6125
04_04_2024_W_C_Salsa_P_3,6.60294,0.02871,1.02179
04_04_2024_W_C_Sauce2_P_3,6.18039,0.01592,1.03808
04_04_2024_W_C_Sauce_P_3,9.80372,0.30335,0.85115
04_04_2024_W_C_Snacks2_P_2,5.803,0.00653,1.03504
04_04_2024_W_C_Snacks_P_2,6.58684,0.00787,1.04182
04_04_2024_W_C_Sugar_P_2,5.81602,0.00658,1.03252
04_04_2024_W_C_TomatoCans_P_3,10.66484,0.27132,0.78626
04_04_2024_W_C_Tomatoes1_F_1,12.60417,0.36169,0.67436
04_04_2024_W_C_Tomatoes2_F_1,6.39908,0.02823,1.07235
04_04_2024_W_C_Various_P_2,12.00247,0.34749,0.81756
04_04_2024_W_C_Watermelon_F_2,6.68819,0.01565,1.02911
04_18_2024_W2_F_AppleJuice2_P_3,5.96663,0.00713,1.04059
04_18_2024_W2_F_AppleJuice_P_3,9.40653,0.32084,0.83973
04_18_2024_W2_F_AppleSauce1_P_1,9.49396,0.25553,0.81755
04_18_2024_W2_F_Apples1_F_1,12.47155,0.34079,0.7442
04_18_2024_W2_F_Apples2_F_1,5.94802,0.01773,1.07888
04_18_2024_W2_F_Apples3_F_1,13.79608,0.49687,0.67545
04_18_2024_W2_F_Apples4_F_1,11.86606,0.31998,0.67463
04_18_2024_W2_F_BBQSauce2_P_2,9.06296,0.28092,0.81483
04_18_2024_W2_F_BBQSauce_P_3,7.69136,0.22351,0.77444
04_18_2024_W2_F_Bagels_P_3,9.309,0.28389,0.75514
04_18_2024_W2_F_Bread1_P_1,9.69451,0.28173,0.80103
04_18_2024_W2_F_Bread2_P_1,9.68755,0.24478,0.7936
04_18_2024_W2_F_Bread_P_3,9.76918,0.29923,0.81804
04_18_2024_W2_F_Buns1_P_1,9.74097,0.25711,0.80559
04_18_2024_W2_F_Candy2_P_2,10.02924,0.29867,0.81162
04_18_2024_W2_F_Candy3_P_2,11.16719,0.34307,0.7504
04_18_2024_W2_F_Candy4_P_2,10.82407,0.30287,0.75951
04_18_2024_W2_F_Candy5_P_2,10.09067,0.2877,0.80022
04_18_2024_W2_F_Candy_P_2,10.19667,0.30916,0.79769
04_18_2024_W2_F_Cans2_P_2,5.77892,0.0163,1.0373
04_18_2024_W2_F_Cans3_P_2,6.23839,0.00623,1.03286
04_18_2024_W2_F_Cans_P_2,5.94554,0.01662,1.04767
04_18_2024_W2_F_Chips2_P_2,5.89323,0.02207,1.06919
04_18_2024_W2_F_Chips3_P_2,10.20209,0.30463,0.79365
04_18_2024_W2_F_Chips4_P_2,10.39799,0.24085,0.74678
04_18_2024_W2_F_Chips5_P_2,9.51858,0.22314,0.77258
04_18_2024_W2_F_Chips_P_2,5.83667,0.03046,1.0669
04_18_2024_W2_F_Coffee2_P_3,6.314,0.06284,1.05151
04_18_2024_W2_F_Coffee3_P_3,7.71165,0.13882,1.03151
04_18_2024_W2_F_Coffee4_P_3,11.56504,0.41672,0.81337
04_18_2024_W2_F_Coffee_P_3,9.64841,0.27947,0.75138
04_18_2024_W2_F_Cucumbers1_V_1,10.22468,0.24217,0.76009
04_18_2024_W2_F_Dressing_P_2,5.79904,0.02579,1.01742
04_18_2024_W2_F_Flour1_P_1,9.61335,0.33351,0.84235
04_18_2024_W2_F_GrapeFruit1_F_1,14.078,0.45684,0.72321
04_18_2024_W2_F_GreenPeppers1_F_1,11.87848,0.29677,0.65986
04_18_2024_W2_F_Greens1_V_1,11.24453,0.30583,0.72461
04_18_2024_W2_F_HotSauce1_P_1,10.61905,0.3115,0.76636
04_18_2024_W2_F_Jam1_P_1,8.56303,0.24943,0.84986
04_18_2024_W2_F_Juice_P_3,11.07924,0.3513,0.83331
04_18_2024_W2_F_Ketchup_P_2,5.9461,0.03227,1.03339
04_18_2024_W2_F_Lemons1_F_1,14.68245,0.41263,0.70641
04_18_2024_W2_F_Mangoes1_F_1,12.38448,0.40893,0.74757
04_18_2024_W2_F_Melons1_F_1,14.32814,0.36791,0.7335
04_18_2024_W2_F_Melons2_F_1,13.64144,0.48131,0.6363
04_18_2024_W2_F_Nuts_P_2,5.81528,0.01852,1.02864
04_18_2024_W2_F_Oil_P_3,9.57481,0.29133,0.81836
04_18_2024_W2_F_OliveOil_P_3,6.68738,0.0562,1.00824
04_18_2024_W2_F_OrangeJuice_P_3,10.26877,0.46592,0.81204
04_18_2024_W2_F_Oranges1_F_1,14.03489,0.48751,0.74288
04_18_2024_W2_F_PastaSauce1_P_1,9.20395,0.27776,0.8169
04_18_2024_W2_F_PastaSauce2_P_1,9.15085,0.35432,0.92515
04_18_2024_W2_F_PeanutButter_P_3,8.82218,0.2856,0.82521
04_18_2024_W2_F_Pears1_F_1,14.91503,0.44592,0.60638
04_18_2024_W2_F_Peppers1_F_1,6.86468,0.08898,1.05805
04_18_2024_W2_F_Pickles_P_2,9.1329,0.32858,0.92798
04_18_2024_W2_F_Pineapples1_F_1,11.70578,0.17439,0.68185
04_18_2024_W2_F_Plantains1_F_1,13.85834,0.53963,0.75202
04_18_2024_W2_F_Potatoes1_V_1,13.37071,0.42966,0.66071
04_18_2024_W2_F_Pringles_P_2,9.55613,0.28014,0.8165
04_18_2024_W2_F_Radish1_V_1,13.61296,0.3382,0.65291
04_18_2024_W2_F_Random_P_3,9.5838,0.32541,0.84054
04_18_2024_W2_F_Salsa1_P_1,8.61281,0.28944,0.86027
04_18_2024_W2_F_Snacks_P_2,10.81944,0.30234,0.75376
04_18_2024_W2_F_Soup_P_3,9.65296,0.27552,0.81971
04_18_2024_W2_F_Spices_P_3,9.18964,0.24734,0.81881
04_18_2024_W2_F_Sugar_P_3,9.54817,0.32979,0.81893
04_18_2024_W2_F_Tea_P_3,11.06149,0.47791,0.72953
04_18_2024_W2_F_TomatoCans1_P_1,9.68596,0.25716,0.83221
04_18_2024_W2_F_Tomatoes1_F_1,13.83349,0.46683,0.75087
04_18_2024_W2_F_Vinegar_P_3,5.94339,0.02588,1.0171
04_18_2024_W3_F_Alfredo1_P_1,9.28687,0.27952,0.82418
04_18_2024_W3_F_AppleJuice_P_3,8.92186,0.26277,0.8321
04_18_2024_W3_F_Apples1_F_1,6.00521,0.01077,1.06865
04_18_2024_W3_F_Apples2_F_1,12.13663,0.34727,0.70905
04_18_2024_W3_F_Apples3_F_1,12.6718,0.41215,0.68517
04_18_2024_W3_F_Apples4_F_1,12.97556,0.44273,0.67955
04_18_2024_W3_F_Avacados1_F_1,12.49728,0.33033,0.68414
04_18_2024_W3_F_BBQSauce_P_3,8.99414,0.21976,0.80246
04_18_2024_W3_F_Bagels1_P_1,9.54453,0.24511,0.79921
04_18_2024_W3_F_Bananas1_F_1,12.29636,0.44069,0.78461
04_18_2024_W3_F_Bananas2_F_1,13.54181,0.50677,0.73307
04_18_2024_W3_F_Bread_P_2,9.31459,0.32125,0.81518
04_18_2024_W3_F_Breads1_P_1,10.75002,0.2651,0.75866
04_18_2024_W3_F_Buns1_P_1,9.31781,0.31053,0.79697
04_18_2024_W3_F_CanFruits_P_3,5.92471,0.01742,1.04702
04_18_2024_W3_F_CanSoup2_P_3,9.15464,0.2743,0.8368
04_18_2024_W3_F_CanSoup_P_3,9.26337,0.27295,0.81039
04_18_2024_W3_F_Candy2_P_2,9.37956,0.28419,0.80874
04_18_2024_W3_F_Candy3_P_2,8.53937,0.27362,0.83204
04_18_2024_W3_F_Candy_P_2,8.44147,0.29192,0.84608
04_18_2024_W3_F_Cans_P_2,9.73708,0.34692,0.86972
04_18_2024_W3_F_Cereal_P_2,9.47398,0.30991,0.80083
04_18_2024_W3_F_Chilli_P_3,8.70763,0.2687,0.77084
04_18_2024_W3_F_Chips2_P_2,10.04201,0.33419,0.77323
04_18_2024_W3_F_Chips3_P_2,9.53325,0.25435,0.82827
04_18_2024_W3_F_Chips_P_2,11.41359,0.28186,0.7649
04_18_2024_W3_F_Coffee_P_2,6.06302,0.02986,1.0317
04_18_2024_W3_F_Corn1_F_1,11.16223,0.28353,0.75315
04_18_2024_W3_F_Cucumbers1_F_1,10.93707,0.34289,0.77521
04_18_2024_W3_F_EnergyDrink_P_3,8.67345,0.25278,0.82841
04_18_2024_W3_F_Flour_P_2,10.22036,0.35818,0.79457
04_18_2024_W3_F_Gatorade2_P_3,5.56705,0.02036,1.03076
04_18_2024_W3_F_Gatorade_P_3,6.66016,0.06802,1.03226
04_18_2024_W3_F_Grapefruits1_F_1,12.23416,0.43181,0.75239
04_18_2024_W3_F_GreenPeppers1_F_1,11.94495,0.34106,0.70582
04_18_2024_W3_F_Greens1_V_1,11.60814,0.26054,0.72306
04_18_2024_W3_F_Honey_P_2,6.10721,0.01609,1.01504
04_18_2024_W3_F_HotSauce_P_3,6.08227,0.01945,1.03065
04_18_2024_W3_F_Juice_P_3,8.94299,0.2559,0.82987
04_18_2024_W3_F_Ketchup_P_3,8.66309,0.23885,0.82292
04_18_2024_W3_F_Lemons1_F_1,14.50065,0.44676,0.80409
04_18_2024_W3_F_Limes1_F_1,11.48061,0.32992,0.73037
04_18_2024_W3_F_Mangoes1_F_1,13.81047,0.46369,0.69578
04_18_2024_W3_F_Melons1_F_1,11.38238,0.44259,0.75389
04_18_2024_W3_F_Nectarines1_F_1,10.69908,0.32446,0.77302
04_18_2024_W3_F_Nuts_P_2,6.27868,0.03046,1.01202
04_18_2024_W3_F_Oils2_P_2,9.92815,0.3791,0.77881
04_18_2024_W3_F_Oils3_P_2,6.37601,0.02367,0.99143
04_18_2024_W3_F_Oils_P_2,9.26735,0.29622,0.81349
04_18_2024_W3_F_Onions1_V_1,12.40844,0.48163,0.74491
04_18_2024_W3_F_Oranges1_F_1,12.84425,0.4629,0.73814
04_18_2024_W3_F_PastaSauce1_P_1,9.81253,0.27986,0.84634
04_18_2024_W3_F_PeanutButter_P_2,6.04531,0.03248,1.01459
04_18_2024_W3_F_Pears1_F_1,13.08425,0.41652,0.68414
04_18_2024_W3_F_Peppers1_F_1,13.02148,0.40045,0.69269
04_18_2024_W3_F_Pickles_P_3,8.61479,0.2407,0.83486
04_18_2024_W3_F_Pineapples1_F_1,12.99926,0.30779,0.70574
04_18_2024_W3_F_Potatoes1_V_1,12.32687,0.3916,0.69884
04_18_2024_W3_F_Potatoes2_V_1,11.91679,0.33621,0.71045
04_18_2024_W3_F_Powerade_P_3,8.83504,0.20963,0.81927
04_18_2024_W3_F_Pringles_P_2,9.12089,0.27041,0.80915
04_18_2024_W3_F_Ranch2_P_3,6.12237,0.02103,1.02436
04_18_2024_W3_F_Ranch_P_3,9.23971,0.26654,0.81236
04_18_2024_W3_F_RedOnions1_V_1,12.26835,0.34902,0.64689
04_18_2024_W3_F_Salsa1_P_1,6.14517,0.01314,1.01686
04_18_2024_W3_F_Sauce1_P_1,8.96579,0.26761,0.82369
04_18_2024_W3_F_Spices_P_2,9.12756,0.30221,0.83035
04_18_2024_W3_F_Sugar2_P_2,8.82822,0.31713,0.84955
04_18_2024_W3_F_Sugar_P_2,11.33193,0.38126,0.71502
04_18_2024_W3_F_TomatoCans1_P_1,9.62015,0.23914,0.82914
04_18_2024_W3_F_TomatoCans2_P_1,9.34425,0.26465,0.8076
04_18_2024_W3_F_Tomatoes1_F_1,13.80686,0.39192,0.66853
04_18_2024_W3_F_Tomatoes2_F_1,12.81548,0.40139,0.67766
04_18_2024_W_F_Apples1_F_1,13.1334,0.45588,0.6974
04_18_2024_W_F_Apples2_F_1,13.56795,0.4479,0.70281
04_18_2024_W_F_Apples3_F_1,12.86998,0.41826,0.69488
04_18_2024_W_F_Apples4_F_1,15.11239,0.51819,0.72254
04_18_2024_W_F_Asparagus1_V_1,12.8326,0.2705,0.64833
04_18_2024_W_F_Avacados1_F_1,11.64806,0.29691,0.70367
04_18_2024_W_F_BBQSauce_P_2,9.61234,0.31294,0.83225
04_18_2024_W_F_Bananas1_F_1,12.90451,0.43536,0.723
04_18_2024_W_F_Bananas2_F_1,13.98602,0.49219,0.67086
04_18_2024_W_F_Bread2_P_3,9.47907,0.31926,0.78465
04_18_2024_W_F_Bread_P_3,9.40814,0.26688,0.79693
04_18_2024_W_F_Broccoli1_V_1,13.30342,0.34508,0.736
04_18_2024_W_F_Candy2_P_3,9.35489,0.27534,0.80067
04_18_2024_W_F_Candy3_P_3,9.43853,0.2918,0.83493
04_18_2024_W_F_Candy_P_3,10.14885,0.30722,0.79684
04_18_2024_W_F_Cans2_P_2,10.9152,0.2422,0.81516
04_18_2024_W_F_Cans3_P_2,12.4526,0.40894,0.78057
04_18_2024_W_F_Cans4_P_2,10.28542,0.27879,0.81953
04_18_2024_W_F_Cans5_P_2,11.55958,0.28727,0.73615
04_18_2024_W_F_Cans6_P_2,5.87153,0.0046,1.0512
04_18_2024_W_F_Cans7_P_2,10.29473,0.26729,0.80721
04_18_2024_W_F_Cans_P_2,5.75542,0.0161,1.05563
04_18_2024_W_F_Chiles1_P_1,9.57883,0.31425,0.84719
04_18_2024_W_F_Chips2_P_3,9.32295,0.25151,0.83468
04_18_2024_W_F_Chips_P_3,9.76176,0.27299,0.82117
04_18_2024_W_F_Coconuts1_F_1,12.68348,0.48034,0.64516
04_18_2024_W_F_Coffee2_P_2,6.08723,0.01108,1.03802
04_18_2024_W_F_Coffee_P_2,5.69942,0.02219,1.04761
04_18_2024_W_F_Condiments_P_2,10.36671,0.28666,0.75811
04_18_2024_W_F_Corn1_F_1,13.18626,0.3545,0.72203
04_18_2024_W_F_Cucumbers1_V_1,11.51595,0.32803,0.70039
04_18_2024_W_F_Doritos_P_3,9.00535,0.19875,0.79912
04_18_2024_W_F_Flour1_P_1,11.16717,0.35495,0.79781
04_18_2024_W_F_Flour_P_2,14.73994,0.47864,0.66848
04_18_2024_W_F_Garlic1_V_1,13.05947,0.45863,0.63716
04_18_2024_W_F_GrapeFruit1_F_1,12.70705,0.41853,0.71158
04_18_2024_W_F_GreenPeppers1_F_1,12.54519,0.31071,0.61798
04_18_2024_W_F_Greens1_V_1,11.14953,0.28138,0.69418
04_18_2024_W_F_Greens2_V_1,14.48793,0.4864,0.65983
04_18_2024_W_F_Jam_P_3,8.93893,0.30778,0.77999
04_18_2024_W_F_Lemons1_F_1,5.98029,0.07742,1.10165
04_18_2024_W_F_Limes1_F_1,13.20548,0.39671,0.77572
04_18_2024_W_F_MacAndCheese1_P_1,5.91375,0.0179,1.06892
04_18_2024_W_F_Mangoes1_F_1,15.85898,0.54776,0.5632
04_18_2024_W_F_Melons1_F_1,14.94294,0.56029,0.63321
04_18_2024_W_F_Melons2_F_1,15.60763,0.54175,0.6101
04_18_2024_W_F_Mustard_P_2,8.77355,0.14902,0.72109
04_18_2024_W_F_Nectarines1_F_1,15.26167,0.59742,0.6978
04_18_2024_W_F_Nuts1_P_1,9.47186,0.36758,0.84933
04_18_2024_W_F_Oil_P_3,10.64581,0.32243,0.81492
04_18_2024_W_F_Oils_P_2,5.87646,0.01,1.04539
04_18_2024_W_F_Olive_P_3,11.30818,0.38534,0.74842
04_18_2024_W_F_Onions1_V_1,14.42429,0.4686,0.66146
04_18_2024_W_F_Oranges1_F_1,13.21119,0.47831,0.73963
04_18_2024_W_F_PastaSauce5_P_2,null,null,null
04_18_2024_W_F_PeanutButter_P_3,9.37633,0.27756,0.81143
04_18_2024_W_F_Pickles_P_2,10.05122,0.33655,0.8251
04_18_2024_W_F_Pineapples1_F_1,5.65809,0.00621,1.03647
04_18_2024_W_F_Plantains1_F_1,17.08339,0.61966,0.51176
04_18_2024_W_F_Ranch_P_2,5.81072,0.01306,1.01792
04_18_2024_W_F_Random_P_3,9.47507,0.30612,0.80959
04_18_2024_W_F_RedOnions1_V_1,12.25493,0.36834,0.71254
04_18_2024_W_F_Salsa_P_3,5.54393,0.00275,0.943
04_18_2024_W_F_Snacks_P_3,9.91285,0.2757,0.81257
04_18_2024_W_F_Spices1_P_1,9.37943,0.2507,0.79813
04_18_2024_W_F_Spices_P_3,9.0794,0.27159,0.73097
04_18_2024_W_F_Sugar_P_2,12.11873,0.40164,0.802
04_18_2024_W_F_Sugar_P_3,9.02468,0.36307,0.79083
04_18_2024_W_F_Syrup1_P_1,10.34581,0.32131,0.75469
04_18_2024_W_F_Tomatoes1_F_1,12.1522,0.35559,0.70856
04_18_2024_W_F_Tomatoes2_F_1,12.36528,0.40388,0.74857
04_18_2024_W_F_Tortillas1_P_1,10.36315,0.28489,0.71856
04_18_2024_W_F_Tostitos2_P_3,11.65446,0.32499,0.88518
04_18_2024_W_F_Tostitos_P_3,10.09841,0.26638,0.81146
04_18_2024_W_F_Various2_P_2,11.59462,0.4152,0.92059
04_18_2024_W_F_Various_P_2,5.72054,0.01421,1.03974
04_18_2024_W_F_Vinegar_P_3,9.82288,0.34472,0.8178
04_19_2024_S2_F_Apples1_F_1,12.64376,0.39515,0.73422
04_19_2024_S2_F_Apples2_F_1,13.51873,0.47154,0.82457
04_19_2024_S2_F_Apples_F_2,11.70956,0.44093,0.71935
04_19_2024_S2_F_Avacados1_F_1,5.78126,0.00695,1.03567
04_19_2024_S2_F_Bananas1_F_1,11.59107,0.34315,0.70437
04_19_2024_S2_F_Cans2_P_2,6.79363,0.01693,0.89887
04_19_2024_S2_F_Cans_P_2,9.66508,0.28232,0.80023
04_19_2024_S2_F_Chips2_P_3,9.59694,0.24957,0.81789
04_19_2024_S2_F_Chips3_P_3,9.73522,0.27446,0.82393
04_19_2024_S2_F_Chips4_P_3,9.80393,0.30292,0.82335
04_19_2024_S2_F_Chips5_P_3,9.57364,0.27739,0.83019
04_19_2024_S2_F_Chips_P_3,10.0118,0.27878,0.82366
04_19_2024_S2_F_Drinks_P_2,9.33164,0.28196,0.81531
04_19_2024_S2_F_Flour1_P_1,10.05979,0.26415,0.80361
04_19_2024_S2_F_FruitCans1_P_1,9.57074,0.26302,0.84484
04_19_2024_S2_F_Greens1_V_1,11.30741,0.33418,0.78332
04_19_2024_S2_F_Greens2_V_1,10.48156,0.27184,0.7623
04_19_2024_S2_F_Jam1_P_1,9.40712,0.25447,0.81353
04_19_2024_S2_F_Juice1_P_1,5.89313,0.01612,1.03141
04_19_2024_S2_F_Juice2_P_1,9.99697,0.23917,0.80544
04_19_2024_S2_F_Lemons1_F_1,13.80138,0.45883,0.8599
04_19_2024_S2_F_Mayo_P_2,5.53498,0.01871,1.02857
04_19_2024_S2_F_Melons1_F_1,13.79203,0.49422,0.68569
04_19_2024_S2_F_Oil1_P_1,10.08099,0.26553,0.79868
04_19_2024_S2_F_Onions1_V_1,10.36491,0.36536,0.78793
04_19_2024_S2_F_Onions2_V_1,11.79791,0.44998,0.76801
04_19_2024_S2_F_Onions3_V_1,11.42707,0.35068,0.74517
04_19_2024_S2_F_Oranges1_F_1,13.42553,0.48479,0.73176
04_19_2024_S2_F_PastaSauce_P_2,10.44268,0.32946,0.8622
04_19_2024_S2_F_Salsa_P_2,9.54792,0.24826,0.81599
04_19_2024_S2_F_Sauce1_P_1,9.02811,0.23195,0.829
04_19_2024_S2_F_Sauce_P_2,8.74855,0.23643,0.82948
04_19_2024_S2_F_Spices_P_3,9.25232,0.25772,0.83273
04_19_2024_S2_F_Tomatoes1_F_1,12.19802,0.29866,0.71712
04_19_2024_S2_F_Vinegar_P_3,9.6064,0.24961,0.79581
04_19_2024_S_F_Bananas1_F_1,11.48959,0.33839,0.71571
04_19_2024_S_F_Fruits1_F_1,13.43371,0.47302,0.72986
04_19_2024_S_F_Greens_V_2,6.11089,0.01034,1.00729
04_19_2024_S_F_Melons_F_2,5.59405,0.00845,1.03869
04_19_2024_S_F_OliveOil_P_3,9.41679,0.29306,0.81801
04_19_2024_W4_F_Apples1_F_1,12.9983,0.46411,0.81236
04_19_2024_W4_F_Apples2_F_1,12.13648,0.41749,0.71986
04_19_2024_W4_F_Avacados1_F_1,12.58191,0.31227,0.66907
04_19_2024_W4_F_Bananas1_F_1,13.40914,0.45971,0.69922
04_19_2024_W4_F_Bananas2_F_1,11.88692,0.37912,0.69997
04_19_2024_W4_F_CanBeans2_P_3,9.48331,0.28831,0.80804
04_19_2024_W4_F_CanBeans_P_3,6.46988,0.05315,1.02939
04_19_2024_W4_F_CanTomato_P_3,9.55662,0.23423,0.81805
04_19_2024_W4_F_Chips_P_3,9.78603,0.31188,0.77916
04_19_2024_W4_F_Gourds1_F_1,14.1164,0.488,0.7008
04_19_2024_W4_F_Grapefruits1_F_1,12.99082,0.47576,0.71906
04_19_2024_W4_F_Greens1_V_1,6.31193,0.01075,0.99647
04_19_2024_W4_F_Greens2_V_1,11.89778,0.26555,0.70583
04_19_2024_W4_F_Juices_P_3,9.08736,0.31047,0.85914
04_19_2024_W4_F_Lemons1_F_1,14.50186,0.5164,0.67169
04_19_2024_W4_F_Melons1_F_1,12.37462,0.46879,0.70165
04_19_2024_W4_F_MixedNuts_P_3,9.3016,0.27994,0.80895
04_19_2024_W4_F_Nectarines1_F_1,13.29402,0.39473,0.66505
04_19_2024_W4_F_Onions1_V_1,11.09233,0.35567,0.78712
04_19_2024_W4_F_Onions2_V_1,4.62722,0.00489,1.03762
04_19_2024_W4_F_Oranges1_F_1,12.4114,0.4543,0.74954
04_19_2024_W4_F_OrganicBananas1_F_1,12.49245,0.36782,0.69296
04_19_2024_W4_F_Pears1_F_1,11.54322,0.39163,0.74552
04_19_2024_W4_F_Peppers1_F_1,10.37298,0.32751,0.7947
04_19_2024_W4_F_Pineapples1_F_1,12.36813,0.27652,0.68104
04_19_2024_W4_F_Plantains1_F_1,5.72732,0.01789,1.0573
04_19_2024_W4_F_Plums1_F_1,12.23473,0.30343,0.69927
04_19_2024_W4_F_Plums2_F_1,11.07391,0.35458,0.71272
04_19_2024_W4_F_Potatoes1_V_1,10.75547,0.41814,0.8142
04_19_2024_W4_F_Random_P_3,9.41899,0.2872,0.81182
04_19_2024_W4_F_RedOnions1_V_1,11.77548,0.33699,0.67413
04_19_2024_W4_F_Salsa_P_3,8.90039,0.27705,0.83821
04_19_2024_W4_F_Sauce_P_3,10.37912,0.31296,0.80622
04_19_2024_W4_F_Soup_P_3,9.37597,0.2326,0.82203
04_19_2024_W4_F_Tomatoes1_F_1,11.47526,0.33999,0.76916
04_19_2024_W4_F_Tomatoes2_F_1,13.3997,0.40383,0.65294
04_19_2024_W4_F_Watermelons1_F_1,11.79423,0.40904,0.75822
04_19_2024_W_F_Bread_P_2,5.83526,0.01336,1.03178
04_19_2024_W_F_Coffee_P_2,11.17566,0.32897,0.77867
04_19_2024_W_F_Dressings_P_2,6.12451,0.02088,1.03041
04_19_2024_W_F_Jelly_P_2,9.5187,0.30551,0.84409
04_19_2024_W_F_Ketchup_P_2,9.10073,0.29326,0.81327
04_19_2024_W_F_Oils_P_2,6.54512,0.01043,1.05687
04_19_2024_W_F_Pickles_P_2,9.34062,0.29518,0.79932
04_19_2024_W_F_Ranch_P_2,9.25584,0.26622,0.7864
04_19_2024_W_F_Sauce_P_2,10.59436,0.32123,0.83317
04_19_2024_W_F_Spices_P_2,10.56342,0.29643,0.72228
04_19_2024_W_F_Sugar_P_2,5.54478,0.01268,1.01846
